{"step/mean_returns":-2.4526383876800537,"_wandb":{"runtime":2},"_runtime":2.973811812,"step/mean_length":10.41840934753418,"_timestamp":1.7676255549162033e+09,"_step":20}